Track Name,Main Artist,Album,Album Related Artists,Other Related Artists
"Return of the Grievous Angel","Gram Parsons & Emmylou Harris","Grievous Angel","","Al Casey; Al De Lory; All My Best; Artie Butler; Barney Kessel; Best Always; Bill Pitman; Billy Strange; Brian Wilson; Bud Brisbois; Carol Kaye; Chris Blackwell; Chuck Berghofer; Chuck Findley; Country Fever; Czech Republic; Dick Nash; Don Randi; Earl Palmer; Elvis Presley; For Your Sweet Love; Frank Capp; Garden Party; Gene Cipriano; Glen Campbell; Gold Star Studios; Grammy Awards; Hal Blaine; Howard Roberts; Jack Nitzsche; James Burton; James Burton Telecaster; Jay Migliori; Jerry Cole; Jim Gordon; Jim Horn; Jim Keltner; Jimmy Bond; Joe Osborn; Joe Porcaro; Johnnie Johnson; Julius Wechter; Kristin Nelson; Larry Knechtel; Leon Russell; Louis Shelton; Lyle Ritz; Max Bennett; Michael Jackson; Mike Deasy; Mike Melvoin; Milt Holland; Nino Tempo; Ollie Mitchell; Paul Simon; Phil Spector; Plas Johnson; Ray Pohlman; Red Callender; Rick Sings Nelson; Ricky Nelson; Ricky Sings Again; Ricky Sings Spirituals; Ritchie Valens; Roy Caton; Solomon Burke; Steve Douglas; Sunset Sound Recorders; The James Burton Foundation; The Memphis Sessions; Tommy Tedesco; Tony Terran; United States; United Western Recorders; Victor Feldman"
"Little Silver Heart","Lucero","Lucero","","Adeline Records; Ben Nichols; Better Looking Records; Brian Venable; Broken English; Fearless Records; Floodgate Records; Jeremy Freeze; Landmark Records; Loose Music; Love Lost; Madjack Records; Montalban Hotel; One Big Spark; One Eleven Records; Pluto Records; Rick Steff; Roy Berry; Shane Callaway; Steve Selvidge; Tent Show Records; The Bevonshire Label; Thick Syrup; Todd Beene; Todd Gill; Triple Crown Records; United States; Volcom Entertainment; We Put Out Records; When You Found Me"
"Why She's Acting This Way","Townes Van Zandt","Our Mother the Mountain","","At My Window; Delta Momma Blues; Fat Possum; Heartworn Highways; No Deeper Blue; Sky Blue; Sugar Hill; Sunshine Boy; Texas Rain; The Late Great Townes Van Zandt; The Nashville Sessions; Townes Van Zandt; United States"
"You're Supposed to be Feeling Good","Emmylou Harris","Luxury Liner","","Alan Jackson; Alison Krauss; Archie Campbell; Barbara Mandrell; Bashful Brother Oswald; Bill Anderson; Bill Carlisle; Bill Monroe; Billy Grammer; Billy Walker; Blake Shelton; Bob Luman; Bobby Bare; Bobby Lord; Bobby Osborne; Boxcar Willie; Brad Paisley; Bradley Kincaid; Carl Smith; Carly Pearce; Carrie Underwood; Charley Pride; Charlie Daniels; Charlie Louvin; Charlie Walker; Chet Atkins; Chris Janson; Chris Young; Chubby Wise; Clint Black; Connie Smith; Cowboy Copas; Craig Morgan; Crystal Gayle; Curly Fox; Czech Republic; Danny Dill; Darius Rucker; David Houston; Del Reeves; Del Wood; Diamond Rio; Dierks Bentley; Dolly Parton; Don Gibson; Don Schlitz; Don Williams; Dottie West; Doug Kershaw; Dustin Lynch; Earl Scruggs; Eddie Montgomery; Eddy Arnold; Emmylou Harris; Ernest Ashworth; Ernest Tubb; Faron Young; Ferlin Husky; Garth Brooks; Gary Mule Deer; Gene Watson; George Jones; George Morgan; Goldie Hill; Grammy Awards; Grandpa Jones; Hal Ketchum; Hank Locklin; Hank Snow; Hank Williams; Hawkshaw Hawkins; Henry Cho; Holly Dunn; Hoot Hester; Humphrey Bate; Ira Louvin; Jack Anglin; Jack Greene; Jamey Johnson; Jan Howard; Jean Shepard; Jeanne Pruett; Jeannie Seely; Jerry Clower; Jim Ed Brown; Jim Reeves; Jimmy Driftwood; Joe Diffie; John Conlee; Johnnie Wright; Johnny Cash; Johnny Paycheck; Johnny Russell; Jon Pardi; Josh Turner; June Carter Cash; Justin Tubb; Keith Urban; Kelsea Ballerini; Kitty Wells; Lainey Wilson; Lauren Alaina; Lefty Frizzell; Leon Rhodes; Leroy Van Dyke; Lester Flatt; Little Big Town; Little Jimmy Dickens; Loretta Lynn; Lorrie Morgan; Luke Combs; Mandy Barnett; Margie Bowes; Marion Worth; Mark Wills; Martha Carson; Marty Robbins; Marty Stuart; Maybelle Carter; Mel Tillis; Mike Snider; Minnie Pearl; Mississippi Slim; Moon Mullican; Norma Jean; Old Crow Medicine Show; Pam Tillis; Patsy Cline; Patty Loveless; Pee Wee King; Porter Wagoner; Ralph Stanley; Randy Travis; Rascal Flatts; Ray Pillow; Ray Price; Red Foley; Red Sovine; Rhonda Vincent; Ricky Skaggs; Ricky Van Shelton; Rod Brasfield; Ronnie Milsap; Rose Maddox; Roy Acuff; Roy Clark; Roy Drusky; Sara Evans; Sid Harkreader; Skeeter Davis; Slim Whitman; Sonny James; Sonny Osborne; Steve Earle; Steve Wariner; Steven Curtis Chapman; Stonewall Jackson; Stoney Cooper; Stu Phillips; Tammy Wynette; Terri Clark; Tex Ritter; Texas Ruby; The Browns; The Carter Sisters; The Delmore Brothers; The Everly Brothers; The Gully Jumpers; The Isaacs; The Jordanaires; The Louvin Brothers; The Oak Ridge Boys; The Whites; The Wilburn Brothers; The Willis Brothers; Theron Hale; Trace Adkins; Travis Tritt; Trisha Yearwood; Troy Gentry; Uncle Dave Macon; Uncle Jimmy Thompson; United States; Vince Gill; Webb Pierce; Willie Nelson; Wilma Lee Cooper; Zeke Clements"
"Zip City","Drive-By Truckers","Southern Rock Opera","","Adam Howell; American Band; Barry Sell; Brad Morgan; Decoration Day; Earl Hicks; English Oceans; Jason Isbell; Jay Gonzalez; John Neff; Matt Lane; Matt Patton; Mike Cooley; Patterson Hood; Pizza Deliverance; Rob Malone; Shonna Tucker; Southern Rock Opera; Spooner Oldham; The Dirty South; The Unraveling"
"Telephone Road","Steve Earle","El Corazon","",""
"Rolling Along","Lucinda Williams","Happy Woman Blues","","Charles Lloyd; Don Was; Dorothy Darr; Fran Landesman; Good Souls Better Angels; Happy Woman Blues; Little Honey; Lucinda Williams; Sweet Old World; This Sweet Old World; Tommy Wolf; Vanished Gardens; World Without Tears"
"Nothing Was Delivered","The Byrds","Sweetheart of the Rodeo","","Al Perkins; Allen Stanton; Bernie Leadon; Bill Bryson; Bob Dylan; Bobby Cochran; Brian Cadd; Byron Berline; Chris Ethridge; Chris Hillman; Clarence White; Dave Bartholomew; David Crosby; Deutsche Biographie; Farther Along; Fifth Dimension; Gene Clark; Gene Parsons; Gram Parsons; Grammy Awards; Herb Pedersen; Jeff Ross; Jimmi Seiter; Jimmy Reed; John Beland; John Guerin; John Jorgenson; John Lee Hooker; John York; Kevin Kelley; Life Goes On; Michael Clarke; Nesuhi Ertegun; Never Before; Ralph Bass; Rick Roberts; Scottsville Squirrel Barkers; Skip Battin; Sneaky Pete Kleinow; Souther Hillman Furay Band; Steve Duncan; Sugar Hill; Terry Melcher; The Byrds; The Byrds Play Dylan; The Desert Rose Band; The Essential Byrds; The Flying Burrito Brothers; The Hillmen; The Notorious Byrd Brothers; The Scottsville Squirrel Barkers; Tim Grogan; Tom Brumley; True Love; United States; Wilson Pickett; Younger Than Yesterday"
"Cigarette Machine","Fred Eaglesmith","6Volts","","United States"
"Rock Me on the Water","Linda Ronstadt","Linda Ronstadt","","Abraxas Pool; Arnel Pineda; Aynsley Dunbar; Bad English; Bella Donna; Buckingham Nicks; Czech Republic; Deen Castronovo; Eclipse Tour; Escape Tour; Evolution Tour; Fleetwood Mac; Frumious Bandersnatch; George Tickner; Greatest Hits; Greatest Hits Live; Gregg Rolie; In Concert; In Your Dreams; Infinity Tour; Irving Azoff; Jason Derlatka; Jeff Scott Soto; Jonathan Cain; Journey Escape; Kevin Chalfant; Narada Michael Walden; Neal Schon; Planet Us; Prairie Prince; Randy Jackson; Revolution Saints; Robert Fleischman; Ross Valory; Sandy Stewart; Stand Back; Steve Augeri; Steve Perry; Steve Smith; Street Angel; The Ballade; The Divine Stevie Nicks; The Essential Journey; The Soundstage Sessions; The Storm; The Wild Heart; Todd Jensen; United States; Vital Information"