Number,Track Name,Album,Main Artist,Related Artists,Spotify Link
1,Return of the Grievous Angel,Grievous Angel,Gram Parsons & Emmylou Harris,[],https://open.spotify.com/track/7vOYp7KJ8gVmVbcatSVf9J
2,Little Silver Heart,Lucero,Lucero,[],https://open.spotify.com/track/1BK3DmIQ3QU19F50YXhz8R
3,Why She's Acting This Way,Our Mother the Mountain,Townes Van Zandt,[],https://open.spotify.com/track/5txiSsUabBGJHSWWU2Veum
4,You're Supposed to be Feeling Good,Luxury Liner,Emmylou Harris,[],https://open.spotify.com/track/2vrprM3PE1gLJoaLBTdRwX
5,Zip City,Southern Rock Opera,Drive-By Truckers,[],https://open.spotify.com/track/2a2zqhzAkG77QBynuFy0ws
6,Telephone Road,El Corazon,Steve Earle,[],https://open.spotify.com/track/1rjvVnu5bMrKKGKLTJOYrJ
7,Rolling Along,Happy Woman Blues,Lucinda Williams,[],https://open.spotify.com/track/5KkGnH6johEhnfsXOn7iPR
8,Nothing Was Delivered,Sweetheart of the Rodeo,The Byrds,[],https://open.spotify.com/track/2wZGvJqe4QWwJv1F7HWpDM
9,Cigarette Machine,6Volts,Fred Eaglesmith,[],https://open.spotify.com/track/10PZZkRK6BQGZ3ZgPKsTnd
10,Rock Me on the Water,Linda Ronstadt,Linda Ronstadt,[],https://open.spotify.com/track/50DGEghpwDFdZovHi0nz7K
11,Down That Dusty Trail,Walking Distance,Robert Earl Keen,[],https://open.spotify.com/track/0dAQW7XUV8h8b1o2KQdhrH
12,Player,Snowblind Traveler,Mark Jones,[],https://open.spotify.com/track/3dxUfxVmpsmdPWwgFQQFgE
13,Carolinah,Dust Bowl Revival,Ox,[],https://open.spotify.com/track/3Cj85JRHIjoTLiDOTjEPi6
14,Flatness,No Depression,Uncle Tupelo,[],https://open.spotify.com/track/0S8aAFIi1kdNvbhXLNYZOZ
15,Some of Shelly's Blues,Pretty Much Your Standard Ranch Stash,Michael Nesmith,[],https://open.spotify.com/track/3bjmCi1soblKm9x5Ybltpc
16,Suckerpunch,Fizzy Fuzzy Big & Buzzy,The Refreshments,[],https://open.spotify.com/track/0aercGhduQ95BeCDMV9EMM
17,Loretta,Flyin' Shoes,Townes Van Zandt,[],https://open.spotify.com/track/0mtAGWGEn26vjojj3hTVX3
18,Anniversary Song,Pale Sun Crescent Moon,Cowboy Junkies,[],https://open.spotify.com/track/2PDbeqarlwOMSrAwLMCbtQ
19,Story of You,"""After Awhile""",Jimmie Dale Gilmore,[],https://open.spotify.com/track/6tdqnZzrfFgOShvy2HQhrd
20,Gimme a Ride to Heaven Boy,Bloodlines,Terry Allen,[],https://open.spotify.com/track/550xyyH5ciaFq2VBXUzMwr
21,Leave the City,What Comes After The Blues,Magnolia Electric Co.,[],https://open.spotify.com/track/7IociFkFQ0fJDxuUtNED9I
22,Dancing With the Women at the Bar,Strangers Almanac,Whiskeytown,[],https://open.spotify.com/track/6otMdQUdrKjxV5PtVTd4vq
23,Placemat Blues,Everything You Thought Was Right Was Wrong Today,Slobberbone,[],https://open.spotify.com/track/5bTTiig9keEJ2qT9M0j6D3
24,Sleeping on Hold,Feels Like the Third Time,Freakwater,[],https://open.spotify.com/track/1FQFDuoVL1ameABbmF4Y8X
25,Under Control,Boat Songs,MJ Lenderman,[],https://open.spotify.com/track/5WTUgcDpabIrKeDOA0cFs2
26,Song for You,The Outlaws,The Outlaws,[],https://open.spotify.com/track/3RsLZfhZVLDWPjuVAsReur
27,Big Time,[Single],Angel Olson and Sturgill Simpson,[],https://open.spotify.com/track/3RZ5VvBcCQgrRl8XaKZLa4
28,She Ain't Goin' Nowhere,Old No. 1,Guy Clark,[],https://open.spotify.com/track/7Hcp4hERmrQvXNx4jtYBst
29,The Bullfighter,Luke Bell,Luke Bell,[],https://open.spotify.com/track/5kGaOHoFdnRazFK87JEOcH
30,Ashes by Now,Evangeline,Emmylou Harris,[],https://open.spotify.com/track/7qASJJ54rQwRbpqYmnyb4a
31,"The Living Bubba (Live, 2014)",It's Great To Be Alive!,Drive-By Truckers,[],https://open.spotify.com/track/6P7hirtADFSTzOEIfmYBUk
32,Good Time Charlie's Got the Blues,Danny O'Keefe,Danny O'Keefe,[],https://open.spotify.com/track/2AyQXjM2jyjIM3t8YavbME
33,Stolen Car,Dust Bowl Revival,Ox,[],https://open.spotify.com/track/5piGHBDKDPM1wlOmcLh777
34,South of Cincinnati,"Guitars, Cadillacs, Etc., Etc.",Dwight Yoakam,[],https://open.spotify.com/track/1wTJVQpuoLDjuM5CZ7l8h1
35,Big Brown Eyes,Too Far To Care,Old 97's,[],https://open.spotify.com/track/4X8EtM3wtFfSLEs4PMm68e
36,Omaha,Honky Tonk Heroes,Waylon Jennings,[],https://open.spotify.com/track/3yeONAlGlFCEW2bAZHrXTQ
37,Amarillo Highway (for Dave Hickey),Lubbock (on everything),Terry Allen (and the Panhandle Mystery Band),[],https://open.spotify.com/track/3LO6evXvbopPHiVG9AKax7
38,Slice of Life,1001,Dead Hot Workshop,[],https://open.spotify.com/track/2VoSz6IuejA4qX6RWDtBZe
39,Colorado,Manassas,Stephen Stills,[],https://open.spotify.com/track/6VyuVYEJnZmlEQ5GT9LQvT
40,Feel Alright,I Feel Alright,Steve Earle,[],https://open.spotify.com/track/7fF6Af2M3vL4IUtE8cMy6G
41,West,West,Lucinda Williams,[],https://open.spotify.com/track/5mNuybrIUi8NS9JGqAE8Je
42,Evangeline,How Will the Wolf Survive?,Los Lobos,[],https://open.spotify.com/track/17G0Er8onvPg7TMqNCIaUU
43,Shoestrings,5'll Getcha Ten,Cowboy,[],https://open.spotify.com/track/5XxXigEJAO021Vj9AqpHoJ
44,"Through The Morning, Through The Night","Through The Morning, Through The Night",Dillard & Clark,[],https://open.spotify.com/track/03SLCXQpiHF8gZ8MzTtEnL
45,Radio King,Down By The Old Mainstream,Golden Smog,[],https://open.spotify.com/track/3C46CEeM0ltNQwOtPN8jRg
46,Roadworn and Weary,Must've Been High,Supersuckers,[],https://open.spotify.com/track/6xfRp0cAEbcd67MSaYkNfs
47,"High, Low and In Between","High, Low And In Between",Townes Van Zandt,[],https://open.spotify.com/track/4KWUjo4nYc1iJzdCxrFATJ
48,Crowbar,Tigers Blood,Waxahatchee,[],https://open.spotify.com/track/1uy1GgGTNRvSP3961dRH5p
49,Tom Ames' Prayer,Train A Comin',Steve Earle,[],https://open.spotify.com/track/6ECCop7GhRHFspkXZzm779
50,Wayside/Back in Time,Soul Journey,Gillian Welch,[],https://open.spotify.com/track/7kBgZQP85cQBKKDTmjcDf3
51,Rough and Rocky,Blue Kentucky Girl,Emmylou Harris,[],https://open.spotify.com/track/66GkijeYtJZQOIcoxyYXo2
52,Mr. Bojangles,Mr. Bojangles,Jerry Jeff Walker,[],https://open.spotify.com/track/51DLN9R1dIqkKnlRsz1kpg
53,Panties In Your Purse,Gangstabilly,Drive-By Truckers,[],https://open.spotify.com/track/5JzR4JjjCtCN9uwsxi8FSz
54,Growing Trade,Electric Dirt,Levon Helm,[],https://open.spotify.com/track/5GrXLFkmtXk9SWmIqCfXGM
55,A Pirate Looks At Forty,A-1-A,Jimmy Buffett,[],https://open.spotify.com/track/6ac6RlvEhiFraIxBYHhg1j
56,Wild Billy's Circus Story,"The Wild, the Innocent & The E Street Shuffle",Bruce Springsteen,[],https://open.spotify.com/track/6OBEKyFZgWR0eKLFMJjJG1
57,Victim Of Life's Circumstances,Honky Tonk 'N Blues,Delbert McClinton,[],https://open.spotify.com/track/0CAYpoj5TXITeKEkodfrvy
58,Fuck Up,Sidelong,Sarah Shook & the Disarmers,[],https://open.spotify.com/track/4W5vicHqRLGvCeq9Odh2LD
59,Hands on the Wheel,Red Headed Stranger,Willie Nelson,[],https://open.spotify.com/track/6C8nBZQw7yyPQ1jkelFYX5
60,5 Days in May,Five Days in July,Blue Rodeo,[],https://open.spotify.com/track/5AIcpQ7JFM3DZju7bPqb8t
61,You Can Close Your Eyes,Heart Like A Wheel,Linda Ronstadt,[],https://open.spotify.com/track/3eEHjodBHH3KwojkTnNGBc
62,Dying of the Pines,Dem's Good Beeble,The Gourds,[],https://open.spotify.com/track/3fwJnywakCdRr4rqeQcgmK
63,Alone Again Or,Convict Pool,Calexico,[],https://open.spotify.com/track/5cG90AasL6Fd9uTwAMF1tS
64,These Days,Laid Back,Gregg Allman,[],https://open.spotify.com/track/0MP0r359Vwc7ysIrC3wYvO
65,Welcome to Earth (Pollywog),A Sailor's Guide to Earth,Sturgill Simpson,[],https://open.spotify.com/track/09uV1Sli9wapcKQmmyaG4E
66,Early Blue,Spirit of the Golden Juice,F.J. McMahon,[],https://open.spotify.com/track/5qVyubyYRRLHE9KXWnyaJ5
67,Winonah,Pretty Much Your Standard Ranch Stash,Michael Nesmith,[],https://open.spotify.com/track/2OX3SBJvB2USDHlJRyJGhA
68,Lake Marie,Lost Dogs + Mixed Blessings,John Prine,[],https://open.spotify.com/track/5KB869ycQ5H23d7N8u0mor
69,What's the World Got in Store,Being There,Wilco,[],https://open.spotify.com/track/6rNh80YGqwpYWddS977dkz
70,If You Were a Bluebird,Joe Ely,Joe Ely,[],https://open.spotify.com/track/4jWkqT0XQBVK2l2gzt4WSQ
71,Silver Raven,No Other,Gene Clark,[],https://open.spotify.com/track/0IaZjTfCqdUthZ230RntDA
72,The Bramble and the Rose,Barbara Keith,Barbara Keith,[],https://open.spotify.com/track/3sFKgFNKHVtiQESlQX5S3Y
73,Play Something We Know,6th Street,Adam Hood,[],https://open.spotify.com/track/5yBRepsy1EZ8W0Lp36ODxb
74,Last Lonely Eagle,New Riders of the Purple Sage,New Riders of the Purple Sage,[],https://open.spotify.com/track/1wEHFEIfJA8hdPbGvLYZG9
75,Tearjoint,Nobody's Fool,Dan Penn,[],https://open.spotify.com/track/0YtLBBaSNFV3EmBqcfNbO8
76,Gravity's Gone,A Blessing and a Curse,Drive-By Truckers,[],https://open.spotify.com/track/09n5OiITfOYyL5s4zTn9PE
77,Heaven's High,I Never Thought It Would Go This Far,Wrinkle Neck Mules,[],https://open.spotify.com/track/3vJqxU8r8QQfiX5CdAqTWf
78,Tennessee Rose,Cimarron,Emmylou Harris,[],https://open.spotify.com/track/1P7xB5nGxcvq90tCUsS5nu
79,Heart on a String,Here We Rest,Jason Isbell and the 400 Unit,[],https://open.spotify.com/track/3DXGP7NK1bYPlGo1nw3cnW
80,Willin',Sailin' Shoes,Little Feat,[],https://open.spotify.com/track/0jMyU6bO52IYhAEoWbT4K9
81,Sunshine (Go Away Today),Jonathan Edwards,Jonathan Edwards,[],https://open.spotify.com/track/3Xd39NB1rifow2RDNVgSFp
82,Play a Train Song,East Nashville Skyline,Todd Snider,[],https://open.spotify.com/track/3sAZAmtqVK6aQvwJaujBsd
83,The Whiskey Makes You Sweeter,Not The Tremblin' Kind,Laure Cantrell,[],https://open.spotify.com/track/7C1kGvBohd6r1dXyVN1K7M
84,Crazy About You,Pneumonia,Whiskeytown,[],https://open.spotify.com/track/0H0edmei2oSpGFoGSA4MzT
85,Tecumseh Valley,Our Mother the Mountain,Townes Van Zandt,[],https://open.spotify.com/track/5KJMVvokqnMn9ribqPQja9
86,817 Oakland Avenue,Last of the Better Days Ahead,Charlie Parr,[],https://open.spotify.com/track/6RNYy1woBsjaEzp1NfEaSH
87,Lodi,Green River,Creedence Clearwater Revival,[],https://open.spotify.com/track/1Ay5MiilZj2ZGQLeTWVJ6o
88,Texas & Tennessee,Texas & Tennessee,Lucero,[],https://open.spotify.com/track/3YgkhaEjbgldI03ShkIfqY
89,Tear Stained Eye,Trace,Son Volt,[],https://open.spotify.com/track/46O0uajv9K1TJX0PdvW80C
90,That Old Time Feeling,Old No. 1,Guy Clark,[],https://open.spotify.com/track/3cXmwLh5n3lfzmsw2fz03L
91,Right in Time,Car Wheels On A Gravel Road,Lucinda Williams,[],https://open.spotify.com/track/7kXkSZrJahbCqzkwpmA2Sl
92,More Than I Can Do,I Feel Alright,Steve Earle,[],https://open.spotify.com/track/53rVb0Z6KINY8vgsvjC76m
93,Look the Other Way,Nothing's Gonna Change The Way You Feel About Me Now,Justin Townes Earle,[],https://open.spotify.com/track/1vOOwWEW45M2DLP5gQQHy7
94,Pork and Beans,Jakes Xerxes Fussell,Jake Xerxes Fussell,[],https://open.spotify.com/track/4ZQctUCGQk0w0yXqRPfDqe
95,Summer Brings the Sunshine,Summer Brings the Sunshine,Jimmy Carter and Dallas County Green,[],https://open.spotify.com/track/4OOo2t44ViVk5CDd61sxeH
96,Cowgirl in the Sand,Everybody Knows This Is Nowhere,Neil Young,[],https://open.spotify.com/track/6geu2q04nElk0lLv5YwU9M
97,James River Blues,Big Iron World,Old Crow Medicine Show,[],https://open.spotify.com/track/30miSaUyRHAkQF00Yden3L
98,Some New Town,Everything You Thought Was Right Was Wrong Today,Slobberbone,[],https://open.spotify.com/track/49TVW9MntUpq9uT3f61IIa
99,The Needle Has Landed,Fox Confessor Brings the Flood,Neko Case,[],https://open.spotify.com/track/3U9q4Cg5wl1zhShxsNFivf
100,Gone Tomorrow,Mr. M,Lambchop,[],https://open.spotify.com/track/44JSMKhQCjw2oqoLbs2HqO
101,Desert Skies,Carolina Dreams,The Marshall Tucker Band,[],https://open.spotify.com/track/10V3Oa2Nsq36g2NxARyVJy
102,Canola Fields,The Horses and the Hounds,James McMurtry,[],https://open.spotify.com/track/6biQrLq3oML4mvr9RZ8ZFD
103,You Were the Fool,12 Golden Country Greats,Ween,[],https://open.spotify.com/track/6fjK123JJZXGaqNHiLOusc
104,"L.A. Freeway - Live in New York, 1972",Jerry Jeff Walker,Jerry Jeff Walker,[],https://open.spotify.com/track/2xoWxeqn3pl5cqNSAbYjlK
105,Let the Good Times Roll,Hard In Heaven,Natural Child,[],https://open.spotify.com/track/3mTXHKXZ7cehg9BZnhCt6w
106,Lungs,Townes Van Zandt,Townes Van Zandt,[],https://open.spotify.com/track/0tBAT5NugCTPG3W5mKpbn4
107,The Girl Who Danced Oklahoma,Lubbock (on everything),Terry Allen,[],https://open.spotify.com/track/2a8ujAXM9A8FGalM8OmDkA
108,The Old Black Hen,Magnolia Electric Co.,Songs: Ohia (and Lawrence Peters),[],https://open.spotify.com/track/3gDYPETbbMdCb3PZkXmNWn
109,Four Roses Whiskey,Ham Days,The Galoots,[],https://open.spotify.com/track/36Ioa2sMEQWvARdsfUWxq8
110,"Sun Comes Up, It's Tuesday Morning",The Caution Horses,Cowboy Junkies,[],https://open.spotify.com/track/0AgZloO1cs3im8R3Cw2dCj
111,500 Miles Away from Home,500 Miles Away From Home,Bobby Bare,[],https://open.spotify.com/track/44AauRai27QWKEx4dKn0oU
112,Salome,Too Far To Care,Old 97's,[],https://open.spotify.com/track/2f9KVxhDj892tuGmRQ2Px0
113,Gone Wanderin',Gone Wanderin',Jackie Greene,[],https://open.spotify.com/track/4MI3pwa3ST16l8iR9qXhn9
114,Long Time Gone,Real Time,Darrell Scott and Tim O'Brien,[],https://open.spotify.com/track/4GsN56PtulWa8EtJNKcpaj
115,My Father's House,Thirteen,Emmylou Harris,[],https://open.spotify.com/track/4JF4KNN7xJFyk1jf04bOCO
116,All Her Lovers Want to be the Hero,Renegade Picker,Steve Young,[],https://open.spotify.com/track/4zdJgz6iSyb5zVMfCPAQJV
117,New Madrid,Anodyne,Uncle Tupelo,[],https://open.spotify.com/track/4Ssgx7QJr0fzabt4D4JZ1b
118,She Don't Care About Time,Roadmaster,Gene Clark,[],https://open.spotify.com/track/22udrymWhwJa9cdrQ2pfJq
119,The End Is Not in Sight (The Cowboy Tune),Too Stuffed to Jump,Amazing Rhythm Aces,[],https://open.spotify.com/track/2XgmRcQs8o709APqLLNUVd
120,Wild Horses,Burrito Deluxe,The Flying Burrito Brothers,[],https://open.spotify.com/track/6eYqvu9hPLkKQL0YgHXKFV
121,Marry Me,Decoration Day,Drive-By Truckers,[],https://open.spotify.com/track/54TFuO47tC8zN5LXA7IYxI
122,Hell,Saint Cloud,Waxahatchee,[],https://open.spotify.com/track/3YDXoxRMy918O9N2vPq1Nb
123,Broken Records,The Bottle & Fresh Horses,The Refreshments,[],https://open.spotify.com/track/15zZUsAkSqBqMHq3GvYEuJ
124,"<https://open.spotify.com/track/4C4tMiaVRICiMdswdA5kJf?si=3D463c3b582dea4d2=
d>**Farther
On Down the Road",Giant Steps/De Old Folks at Home,Taj Mahal,[],https://open.spotify.com/track/4C4tMiaVRICiMdswdA5kJf
125,Pouring Rain at Dawn,Mockingbird Time,The Jayhawks,[],https://open.spotify.com/track/2fHNn1jYxryjSNV0lDn9LL
126,Mountain Girl,Dog Days,Blue Mountain,[],https://open.spotify.com/track/18arNEI2X191HSDrRMQqkH
127,Until You Came Along,Weird Tales,Golden Smog,[],https://open.spotify.com/track/2zZWOk2X14YQ5w4JV4CDxk
128,Everywhere I Go,Teatro,Willie Nelson,[],https://open.spotify.com/track/61814pLZAMTXULdB2tlhqu
129,She's Acting Single (I'm Drinking Double),Mowing the Leaves Instead of Piling 'em Up,Wednesday,[],https://open.spotify.com/track/6zbKYse5U1UCwXIwupzYnK
130,Johnson's Love,Hillbilly Deluxe,Dwight Yoakam,[],https://open.spotify.com/track/1idHO7bgrDSAgOyHKGY3PZ
131,In Tall Buildings,Nobody Knows What You Do,John Hartford,[],https://open.spotify.com/track/2XRwHP0xxXbkPPFj1p5mId
132,Crazy Man,Feels Like the Third Time,Freakwater,[],https://open.spotify.com/track/2S7u4AsKdqNyxGn6ENMVrd
133,For the Sake of the Song,Townes Van Zandt,Townes Van Zandt,[],https://open.spotify.com/track/4ELGuNlKE0uiD6waM1qWhu
134,Song of Love and Peace,Reach For The Sky,Cowboy,[],https://open.spotify.com/track/0MsBk4HHPPTzUOMa5TxNKx
135,When I Fall,Transcendental Blues,Steve Earle,[],https://open.spotify.com/track/4t0JQ68Fha6xsR2gjAESZv
136,Demonic Possesion,Gangstabilly,Drive-By Truckers,[],https://open.spotify.com/track/05ipGRNJwCJYN7097ITPMK
137,If I Could Only Fly,[single],Blaze Foley,[],https://open.spotify.com/track/3ajCj2432Q1WSv5QC6C31F
138,I Won't Be Hangin' Round,Linda Ronstadt,Linda Ronstadt,[],https://open.spotify.com/track/6Mtsy9ZdcWnmsNcZq6WNGH
139,Caledonia,Dem's Good Beeble,The Gourds,[],https://open.spotify.com/track/2j6bFz2H97l474mOnqgFWz
140,Gimme Back My Dog,Everything You Thought Was Right Was Wrong Today,Slobberbone,[],https://open.spotify.com/track/3RW2wt4CsT4NCBxsZd8vp7
141,Codeine,Here We Rest,Jason Isbell,[],https://open.spotify.com/track/6UOnE8VcMBzp5kcwFKpMRm
142,The Promise,Metamodern Sounds in Country Music,Sturgill Simpson,[],https://open.spotify.com/track/6OV4CbPHRtbqrpJrbEFJfi
143,Loretta,Luke Bell,Luke Bell,[],https://open.spotify.com/track/1NV68Com3rLO7XKiE9cb9R
144,To Beat the Devil,Kristofferson,Kris Kristofferson,[],https://open.spotify.com/track/3QkUapNCfV3hJFevn6poz3
145,Long Long Time to Get Old,Great Speckled Bird,Ian & Sylvia/Great Speckled Bird,[],https://open.spotify.com/track/1pph3KRDE5Z5rhdS8DeLrB
146,Palms of Victory,[outtake],"Emmylou Harris, Dolly Parton, and Linda Ronstadt",[],https://open.spotify.com/track/61Ulnq3VszEEi9h7ezJWWK
147,One Way Train,Snowblind Traveler,Mark Jones,[],https://open.spotify.com/track/1YetK8uUyEHEuBZGnfXAUV
148,Black Diamond Bay,Desire,Bob Dylan,[],https://open.spotify.com/track/2OqE96IZhnQ7uNunN6Opag
149,Wichita,[outtake],Gillian Welch,[],https://open.spotify.com/track/4HPlsXlYSdssG62OYwUTou
150,Indianapolis,24 Hours a Day,"""The Bottle Rockets"" Year: 1997",[],https://open.spotify.com/track/4dCFpIPmSWi2fDQvcdp9dK
151,Revenge,Faithless Street,Whiskeytown Year: 1995,[],https://open.spotify.com/track/4GbDkMY4bUUt1pkMKEWZ33
152,Feelin' Good Again,Walking Distance,Robert Earl Keen Year: 1998,[],https://open.spotify.com/track/4NpYrBb5iuDqW1S5qrU3b6
153,Blue RIdge Mountain Skyline,Blue Ridge Mountain Skyline,Sammy Walker Year: 1977,[],https://open.spotify.com/track/09upRekrFNLtYQ6ceCBcBQ
154,Ventura,World Without Tears,Lucinda Williams Year: 2003,[],https://open.spotify.com/track/1u90EeWelp3vMdlsMBNwzv
155,Far From Me,John Prine,John Prine*** Year: 1971,[],https://open.spotify.com/track/7nzQdJorKDWFsmvIN28mMM
156,Full Circle Song,Roadmaster,Gene Clark Year: 1973,[],https://open.spotify.com/track/2qXK3EaxcQJmxIeN2uiwQA
157,If I Needed You,The Late Great Townes Van Zandt,Townes Van Zandt,[],https://open.spotify.com/track/3FMQnxcc6FcPscLeLqtW5S
158,Perfect Timing,Brighter Than Creation's Dark,Drive-By Truckers,[],https://open.spotify.com/track/0kZcO6YESNfGjM1Sgh84ef
159,Cowpoke,Presenting Johnny Western,Johnny* Western,[],https://open.spotify.com/track/5pypVSp56Ax27M3EUEpu4y
160,Our Town,Infamous Angel,Iris DeMent,[],https://open.spotify.com/track/43nP4jKb7yRoyN6onAJ684
161,Ready or Not,For Everyman,Jackson Browne,[],https://open.spotify.com/track/29izM0QENguzv9YzKBZ4Hj
162,Sugar Cane,Dust Bowl Revival,Ox,[],https://open.spotify.com/track/7zVDgwDCxC4wesn0nn52nu
163,$1000 Wedding,Grievous Angel,Gram Parsons,[],https://open.spotify.com/track/67nZEOZ5re0q0IueyF1dKc
164,Forget the Flowers,Being There,Wilco,[],https://open.spotify.com/track/5OkQ3rX3ZOiy9P41IGWMGw
165,I've Been the One,Little Feat,Little Feat,[],https://open.spotify.com/track/1lwJ2UskwBdfKcyhQhxspz
166,"Oh, Atlanta",Now That I've Found You: A Collection,Alison Krauss,[],https://open.spotify.com/track/2JXtwlRd6FQ4CLeYLj7yJ8
167,Six White Horses,The Taker/Tulsa,Waylon Jennings,[],https://open.spotify.com/track/4YtLfnFL2SaudkyKiIxPA9
168,One Promise Too Late,What Am I Gonna Do About You,Reba McEntire,[],https://open.spotify.com/track/6BtBykwKhMjp4XDGc1ll1B
169,All Sewn Up,Lucero,Lucero,[],https://open.spotify.com/track/16CnWdERy4EZ6QqlGBdHIH
170,Early Morning Riser,Bustin' Out,Pure Prairie League,[],https://open.spotify.com/track/1avj51Zo1IMifkf1j97jJs
171,Barrier Reef,Too Far To Care,Old 97's,[],https://open.spotify.com/track/7LDa61MEoQEeKKolxn4tgE
172,Across the Great Divide,Close to You,Kate Wolf,[],https://open.spotify.com/track/1MHrK1oP9qM9dNE7m0A64M
173,Someday,Guitar Town,Steve Earle,[],https://open.spotify.com/track/6f5yMTESpEdHEWhA6PxsaF
174,Son of a Rotten Gambler,Cimarron,Emmylou Harris,[],https://open.spotify.com/track/3CWlwZolwYqxLRLbG9n1cJ
175,Deep Red Bells,Blacklisted,Neko Case,[],https://open.spotify.com/track/4jUBzVmMj8FRUjTKcOqgTn
176,Desperados Waiting For A Train,Old No. 1,Guy Clark,[],https://open.spotify.com/track/1SYXW8nW5zlZbPxeVzoZWs
177,High Water,Anodyne,Uncle Tupelo,[],https://open.spotify.com/track/6BYsLBMcO4CECd63fRgoDI
178,One More Dollar,Revival,Gillian Welch,[],https://open.spotify.com/track/42yf3P1ueaRzqn63p5tmGV
179,Tattler,Paradise and Lunch,Ry Cooder,[],https://open.spotify.com/track/0Z8PnlfoTklzYEvFEsWlEc
180,One Time One Night,By The Light Of The Moon,Los Lobos,[],https://open.spotify.com/track/25x4t3MC6HhmMsx1WAztg2
181,All Around You,A Sailor's Guide to Earth,Sturgill Simpson,[],https://open.spotify.com/track/6Kt4ZcgT2vCUq7QezTTcES
182,Lioness,The Lioness,Songs: Ohia,[],https://open.spotify.com/track/35ndyA0Q0cdAsz4778es6R
183,V,Down By The Old Mainstream,Golden Smog,[],https://open.spotify.com/track/3Q8uAWQZwdzUflCGYwPTc1
184,Cowboy Song,Jailbreak (Deluxe Edition),Thin Lizzy,[],https://open.spotify.com/track/2H82AQCQNc4TH2yVcYKIID
185,Don't Wanna Know Why,Pneumonia,Whiskeytown,[],https://open.spotify.com/track/3qpMAhDIMNh5jzRyr7GjBn
186,Blue Canoe,Dog Days,Blue Mountain,[],https://open.spotify.com/track/137MuDMA3pCR26cEmTBUj6
187,One More Run,Room #23,(David Childers and) The Modern Don Juans,[],https://open.spotify.com/track/30oESed1MxEfB8ax0cA55D
188,No Ordinary Blue,The Tree of Forgiveness,John Prine,[],https://open.spotify.com/track/6uetLFzADsgxXXQNWnN1II
189,The Eye,Saint Cloud,Waxahatchee,[],https://open.spotify.com/track/4BtThAVSnU1wZqupmcnnps
190,Wasn't Born to Follow,The Notorious Byrd Brothers,The Byrds,[],https://open.spotify.com/track/3Lk77QOBVywNAVSqOPcuw2
191,I Had My Hopes Up High,Joe Ely (2022 Remaster),Joe Ely,[],https://open.spotify.com/track/4ufPxlNCV4nTqXZFvKU2GY
192,Fox on the Run,"Tom T. Hall - Storyteller, Poet, Philosopher",Tom T. Hall,[],https://open.spotify.com/track/0mVEatHvxil3ZGJhL8zI4w
193,Columbine,Townes Van Zandt,Townes Van Zandt,[],https://open.spotify.com/track/2ThO3YZAifDOnpKPUJrlWp
194,I'm Looking Through You,Train A Comin',Steve Earle,[],https://open.spotify.com/track/2MLOwjL95hzasAyVuXlLZN
195,"Formula Cola, Dollar Draft",Lets Cut The Crap and Hook Up Later Tonight,Marah,[],https://open.spotify.com/track/1smEMcJFThczw50mVjcHv5
196,Acadian Driftwood,Northern Lights-Southern Cross (Expanded Edition),The Band,[],https://open.spotify.com/track/6sJlkqZqUOLXjWKJrDgRmd
197,Down to Zero,Joan Armatrading,Joan Armatrading,[],https://open.spotify.com/track/7G4T7qkB0Wp32ItIvxBCw5
198,First Air of Autumn,English Oceans,Drive-By Truckers,[],https://open.spotify.com/track/5yfJCU4qGsSVQEDyprCo0q
199,Pill Bug Blues,Heavy Ornamentals,The Gourds,[],https://open.spotify.com/track/1FEabtVkpQ2FHcop7bsF8b
200,Fire on the Mountain,Searchin' for a Rainbow,The Marshall Tucker Band,[],https://open.spotify.com/track/4delgtiKX7L3nsbC0exhCS
201,Song for Adam/Shadow Dream Song,Laid Back (Deluxe Edition),Gregg Allman,[],https://open.spotify.com/track/1U7j1bv66dmFHxf1B7Intp
202,If It Takes a Lifetime,Something More Than Free,Jason Isbell,[],https://open.spotify.com/track/2hsf7VvrBm44soR5rtDVXw
203,Got Me A Woman,Dirt Farmer,Levon Helm,[],https://open.spotify.com/track/1BbbZ8R6NWxkyJ0VSEYlPG
204,Leaving Louisiana in the Broad Daylight,Quarter Moon in a Ten Cent Town (Expanded & Remastered),Emmylou Harris,[],https://open.spotify.com/track/4uRMqqD2Q2Nm5bu2VodPsO
205,Don't This Look Like The Dark,Trials & Errors,Magnolia Electric Co.,[],https://open.spotify.com/track/2cU1lUlDm3EEWMVAg4bC1R
206,Sweet Baby James,Sweet Baby James (2019 Remaster),James Taylor,[],https://open.spotify.com/track/17PXXzOygMyXXUNLngVN5u
207,A Song for You,GP,Gram Parsons,[],https://open.spotify.com/track/044sG5pgwwUSXBekDecuZH
208,Pretty Horses,Pretty Horses,Dwight Yoakam,[],https://open.spotify.com/track/0c7zdPYMttw5alPo9FprZY
209,In My Reply,Linda Ronstadt,Linda Ronstadt,[],https://open.spotify.com/track/5V6kkHsKwMOUmycpNZkDkm
210,Oh Sarah,A Sailor's Guide to Earth,Sturgill Simpson,[],https://open.spotify.com/track/2NriQ41JHZxm0oQHHI4XJM
211,Breakfast,Talking Dogs & Atom Bombs,Darrin Bradbury,[],https://open.spotify.com/track/4FDGp2BcZSmT9dZucG4ksY
212,Everybody's Missing The Sun,Shinebox,The Gourds,[],https://open.spotify.com/track/6j9ZLPjBGBEn1M6UGjEnLa
213,Fallin' Faster,Ham Days,The Galoots,[],https://open.spotify.com/track/66RhfFJaMPsa7SBkSflqkW
214,Over the Red Cedar,Stumpjumper,Charlie Parr,[],https://open.spotify.com/track/5xFh8P6jYPwLj2kCfxbmbJ
215,Windfall,Trace (Remastered),Son Volt,[],https://open.spotify.com/track/52iyhfd6jgU2wYB8QIYs6t
216,Frightened by the Sound,The Saint Of Lost Causes,Justin Townes Earle,[],https://open.spotify.com/track/3nBtfiSKJUpCqM9bFaThgQ
217,Love's Gonna Blow My Way,The Low Highway (Deluxe Edition),Steve Earle,[],https://open.spotify.com/track/2Ig8vUo24y9UYYJUnsv376
218,Come Tomorrow,Delta Momma Blues,Townes Van Zandt,[],https://open.spotify.com/track/1sU0FftQIPWxJyCZrBBtdF
219,16 Days,Strangers Almanac,Whiskeytown,[],https://open.spotify.com/track/3aFMz2anc9vurZw6bPunI6
220,Colorado,The Flying Burrito Brothers,The Flying Burrito Brothers,[],https://open.spotify.com/track/5GCiYAyxzIq663P3re2IPp
221,Fire,Saint Cloud,Waxahatchee,[],https://open.spotify.com/track/2lBEWXP11gpEySIXgA5ALH
222,A Matter of Time,How Will the Wolf Survive?,Los Lobos,[],https://open.spotify.com/track/1brJMhR7bVsCv9YigwkSka
223,Lazy Guy,Everything You Thought Was Right Was Wrong Today,Slobberbone,[],https://open.spotify.com/track/4Gwni1WDlASmCu4WIRZ2Ez
224,The Boxer,Roses in the Snow (Deluxe Edition),Emmylou Harris,[],https://open.spotify.com/track/2xchn60m6hRjWwpb7tGvpU
225,Ol' Sundown,Olâ€™ Sundown,Frank Adams,[],https://open.spotify.com/track/6outPWQiMuaTunZCY6y4Ot
226,The Front Porch Song,The Live Album,Robert Earl Keen,[],https://open.spotify.com/track/5jLp9qrD7Iov4oQxqjcaBi
227,Revelator,Time (The Revelator),Gillian Welch,[],https://open.spotify.com/track/4Ui86NRu1aoBGRUJyPusp6
228,Decoration Day,Decoration Day,Drive-By Truckers,[],https://open.spotify.com/track/5MS6RuzYeUSVFOlI36LiYV
229,Snowin' On Raton,At My Window,Townes Van Zandt,[],https://open.spotify.com/track/2E8vtKIayeGBcVKQEghtWh
230,Christmas in Prison,Sweet Revenge,John Prine,[],https://open.spotify.com/track/47zzGSaqmo9KuSLEGXnsZ2
231,You Ain't Goin' Nowhere,Sweetheart Of The Rodeo,The Byrds,[],https://open.spotify.com/track/6kPxXhjSvy8RsmZBAJUiFs
232,A Few Simple Words,"Rarities, B-Sides and Slow, Sad Waltzes",Cowboy Junkies,[],https://open.spotify.com/track/0rBRmxbocAyA1hJ9ihRHre
233,Rollerskate Skinny,Satellite Rides,Old 97's,[],https://open.spotify.com/track/2ZRDtXqqt3UjuxiaeXFdmN
234,Cryin' but My Tears Are Far Away,Poor Little Critter on the Road,The Knitters,[],https://open.spotify.com/track/49b9jfoGdSRYYaWVEhCVCR
235,Star Witness,Fox Confessor Brings The Flood (Bonus Track Version),Neko Case,[],https://open.spotify.com/track/17fWdcSAhLc6559youmLap
236,24 Frames,Something More Than Free,Jason Isbell,[],https://open.spotify.com/track/3TWffuE2fuzzl1qC2W2V6j
237,The Prettiest Thing,Room #23,The Modern Don Juans (and David Childers),[],https://open.spotify.com/track/5rXuW6RJgi8a10O7XHNmHe
238,LA City,Dust Bowl Revival,Ox,[],https://open.spotify.com/track/7AENnFrricMGBjSLWL7TSn
239,What of Alicia,Juarez,Terry Allen,[],https://open.spotify.com/track/0FnddNZk9SUtmpi0QNLd2y
240,Don't Let Me Come Home A Stranger,Away Out On The Mountain,Tim and Mollie O'Brien,[],https://open.spotify.com/track/6lLP7N1LOEsVpkBkvxhlS4
241,I Lost It,Happy Woman Blues,Lucinda Williams,[],https://open.spotify.com/track/6z6Bu9AoiIRmlQfEnVFxJl
242,Easy Come Easy Go,Flowers and Liquor,Hayes Carll,[],https://open.spotify.com/track/5uoHLJg0FL3amP4NjRfYSw
243,Born to Run,Cimarron,Emmylou Harris,[],https://open.spotify.com/track/4HbtLU2CeVrHKeGtRVttuV
244,Acuff Rose,Anodyne,Uncle Tupelo,[],https://open.spotify.com/track/6Jb9ph4fHBbmGyTJ6TtP43
245,Down the Road,Guitar Town,Steve Earle,[],https://open.spotify.com/track/34Q5jgv1zFkVVaFZ5ehVQr
246,Late for Church,Gangstabilly,Drive-By Truckers,[],https://open.spotify.com/track/73QGoVz9M4BXfmpdcADCke
247,Tequila and Me,Back Roads,Kate Wolf,[],https://open.spotify.com/track/0w75O3bzwjAkh3BBbHf6xm
248,Dublin Blues,Dublin Blues,Guy Clark,[],https://open.spotify.com/track/4rXt1tYHZIavECuN32fk96
249,"Fare Thee Well, Miss Carousel",Townes Van Zandt,Townes Van Zandt,[],https://open.spotify.com/track/71sJjrNiDMM4oGNmgyPgOT
250,Easy's Gettin' Harder Every Day,My Life,Iris DeMent,[],https://open.spotify.com/track/6Lxg3eAwnK6vPa3QjxBYys
251,To Live Is To Fly,Best Of Cowboy Junkies,Cowboy Junkies,[],https://open.spotify.com/track/7I7CQn69D39rwm5C6vhn2t
252,O! Grace,Josephine,Magnolia Electric Co.,[],https://open.spotify.com/track/2Nq8n97PPLGvrh8RDwLDVh
253,Live Forever,Tramp On Your Street,Shaver,[],https://open.spotify.com/track/4f2K09ZZra4gK8Cyuf6yW6
254,Please Be With Me,5'll Getcha Ten,Cowboy,[],https://open.spotify.com/track/1pjK3sLlogTfhjph5lNmZZ
255,Trucker Speed,6Volts,Fred Eaglesmith,[],https://open.spotify.com/track/46odp6vkKYlv0fPdRhdk1Y
256,Sharing a Gibson with Martin Luther King Jr.,OH (ohio),Lambchop,[],https://open.spotify.com/track/0iwRA9PFkFGzzrH1ZPGzpk
257,Since She Started to Ride,Jonathan Goes Country,Jonathan Richman,[],https://open.spotify.com/track/4IM7vY6h5v5FM91aXEcTnF
258,Detroit or Buffalo,Barbara Keith,Barbara Keith,[],https://open.spotify.com/track/3KRO3Rz3j2L1ZYQcJPZolf
259,The Road,O'Keefe,Danny O'Keefe,[],https://open.spotify.com/track/2DIj3MGL4YbA7OHqnHaf8q
260,A Good Time,Sweet Revenge,John Prine,[],https://open.spotify.com/track/57z2fLMmvrUQ7eVeGkhzHI
261,Won't Be Coming Home,Down By The Old Mainstream,Golden Smog,[],https://open.spotify.com/track/0MUGFUviz1Fu4GfBA8YrHb
262,Six Blocks Away,Sweet Old World,Lucinda Williams,[],https://open.spotify.com/track/2BfcSnHYGZapRuacjpcZHI
263,Even Cowgirls Get the Blues,Blue Kentucky Girl (Expanded & Remastered),Emmylou Harris,[],https://open.spotify.com/track/32wH2qsnDcgqfZZMjIamKM
264,Rogers Park,Harlem River Blues,Justin Townes Earle,[],https://open.spotify.com/track/5BWGqpazD1jEq10TXA9QRT
265,My Proud Mountains,Our Mother the Mountain,Townes Van Zandt,[],https://open.spotify.com/track/7KCOa8HOE9uSovTqnJSg58
266,Rodeo,Hotel Parties,Futurebirds,[],https://open.spotify.com/track/2FMuoG8zdNhyfkCI2ZMgFe
267,Catcher In the Rye,Sammy Walker,Sammy Walker,[],https://open.spotify.com/track/4TiibtXiR24vv8R35hAdHL
268,Where Ya Been?,Luke Bell,Luke Bell,[],https://open.spotify.com/track/5FBjLI91XAAfkJIObf6lvV
269,Jenny Brown,Dem's Good Beeble,The Gourds,[],https://open.spotify.com/track/6uIGokqWZY8SXEP45vM7is
270,Red Sun,Silver & Gold,Neil Young,[],https://open.spotify.com/track/1ZWAgRR7yoFTnYeSuUZVpj
271,That's How I Got To Memphis,"Tom T. Hall - Storyteller, Poet, Philosopher",Tom T. Hall,[],https://open.spotify.com/track/5NmBhMK9Pfu1XNAyzmxIro
272,Honey I Been Thinking About You,Sweet Somewhere Bound,Jackie Greene,[],https://open.spotify.com/track/5caWeJ9yfWlLh6magmtLr4
273,Pick Your Nose,Reach For The Sky,Cowboy,[],https://open.spotify.com/track/4YECyYW8mDOCmMGHFHq4Jy
274,Raising Hell,Lucero,Lucero,[],https://open.spotify.com/track/6b8gKujuXma3xu0djOYJzr
275,Love Like This,Pizza Deliverance,Drive-By Truckers,[],https://open.spotify.com/track/6v5sl0bsSYqNj3ZBObWFiP
276,Lover's Lullaby,No Deeper Blue,Townes Van Zandt,[],https://open.spotify.com/track/0q0QlS7DfDyqFLc1tgcmIf
277,Long Long Time,Silk Purse,Linda Ronstadt,[],https://open.spotify.com/track/1khA4hwhZD4HMecyE1e9U1
278,Love Will Turn You Around,Love Will Turn You Around,Kenny Rogers,[],https://open.spotify.com/track/1M2a5TNHqmr2zXZZcB7xTe
279,Love Hurts,Grievous Angel,Gram Parsons (and Emmylou Harris),[],https://open.spotify.com/track/72DefuF22C6aPKrWhRFCBS
280,"Anyhow, I Love You",Texas Cookin,Guy Clark,[],https://open.spotify.com/track/0SAi0kuzDwXPdQSHbEGfEt
281,In Spite of Ourselves,In Spite Of Ourselves,John Prine/Iris DeMent,[],https://open.spotify.com/track/2K2eLVi9HJ84T1dkifkQ9O
282,L.A. County,Pontiac,Lyle Lovett,[],https://open.spotify.com/track/7uoKWp4uoT57m2mgEHw0BT
283,Won't Be Home,Drag It Up,Old 97's,[],https://open.spotify.com/track/3ouIohsd606H8iZ9P8TJCX
284,Wait Up,"March 16-20, 1992",Uncle Tupelo,[],https://open.spotify.com/track/0FOfhuM72sXFSipi3v8GZb
285,Manhattan Bluebird,Bloodlines,Terry Allen,[],https://open.spotify.com/track/3G9x1fohMbCmaGDhB98jLx
286,The Weekend,Nashville Obsolete,Dave Rawlings Machine,[],https://open.spotify.com/track/3ttuDYaMTE0p9yOUQ0szZP
287,Silver Wings,Poor Little Critter on the Road,The Knitters,[],https://open.spotify.com/track/43Y6ELiDYOFUSmVpuxO7Wb
288,Friends Like Those,Photographs,Robert Ellis,[],https://open.spotify.com/track/3Gx4bRsvGNrhU1hmQlckDx
289,Gulf Coast Highway,Duets,Emmylou Harris (and Willie Nelson),[],https://open.spotify.com/track/2zG2tNYWpVr1XMWsTYmfWX
290,Not Down This Low,Lucky Strikes and Liquid Gold,Jeff Cowell,[],https://open.spotify.com/track/6NxLIU7tQUKIE1xISXHKX2
291,Yeh Jo Halka Halka Suroor Hai,Best of Ustad Nusrat Fateh Ali Khan,Nusrat Fateh Ali Khan,[],https://open.spotify.com/track/47TVAz6bAoDgAAwjXNnyjN
292,Do I Ever Cross Your Mind,Chet Atkins - The Master And His Music,Chet Atkins/Dolly Parton,[],https://open.spotify.com/track/31xqbaSu7ozgcK8desDuMK
293,Country Girl,Surrender To The Rhythm,Brinsley Schwarz,[],https://open.spotify.com/track/5ODLqm7BV2NAz7qytMbAg2
294,Sounds Better in the Song,Decoration Day,Drive-By Truckers,[],https://open.spotify.com/track/1BoUEmCr5pZHfBWoq2Hd2O
295,Blue Sky,Eat A Peach,Allman Brothers Band,[],https://open.spotify.com/track/6iX1QW1gGIVNEItnqyvFfH
296,London Homesick Blues (Home With The Armadillo),Home With the Armadillo,Gary P. Nunn,[],https://open.spotify.com/track/1dYfAlWi4BstUJhcOYdxnv
297,Nada,Fizzy Fuzzy Big & Buzzy,The Refreshments,[],https://open.spotify.com/track/2zQHDdyyweY2QuLK4XnmTm
298,Dreadful Selfish Crime,The Party Never Ends,Robert Earl Keen,[],https://open.spotify.com/track/4D11DUHePU8xwSdGF9zhhc
299,After Mardi Gras,The Low Highway (Deluxe Edition),Steve Earle,[],https://open.spotify.com/track/0U9dufo9lPhG33oCyAOo4h
300,Long Time Running,Road Apples,The Tragically Hip,[],https://open.spotify.com/track/7C6QeMxWgaPK68MFmlgO0X
301,Like a Summer Thursday,Our Mother the Mountain,Townes Van Zandt,[],https://open.spotify.com/track/1vaF3Fu2ioobWRtuqpVnHF
302,New Delhi Freight Train,Lubbock (on everything),Terry Allen,[],https://open.spotify.com/track/5ev32s8mpizbEHMQ4skQJH
303,Love Has No Pride,Don't Cry Now,Linda Ronstadt,[],https://open.spotify.com/track/43xZPZuBDfkj43E6Ll6o52
304,Houses,Greasepaint Smile,Elyse Weinberg,[],https://open.spotify.com/track/2b73Q6Kl8Gh6Brb40lpLcr
305,Lilacs,Saint Cloud,Waxahatchee,[],https://open.spotify.com/track/69Akwuscu16hdYN637eTis
306,On Her Own,Gene Clark Sings For You,Gene Clark,[],https://open.spotify.com/track/5atCQCEA3CpECvLVOfhWeu
307,Song of Wyoming,Windsong,John Denver,[],https://open.spotify.com/track/5VwrpYZ4Fx3a7NvcvzgtYG
308,That's How Strong My Love Is,Rock Salt And Nails,Steve Young,[],https://open.spotify.com/track/2Vtvh5owiqAIMJtOKtPX5m
309,Pecan Pie,Down By The Old Mainstream,Golden Smog,[],https://open.spotify.com/track/56DJzEuZugYdTYxi6VAdVh
310,How Lucky,How Lucky,Kurt Vile/John Prine,[],https://open.spotify.com/track/4iK3yOQKoby2b9gvCmUwsR
311,It's Gonna be Easy,Doug Sahm And His Band,Doug Sahm,[],https://open.spotify.com/track/37Ts5bHBySEbybTALSvlQl
312,The Galway Girl,Transcendental Blues,Steve Earle,[],https://open.spotify.com/track/1KnilWyiAb1Jwa9QJXZGMN
313,The Mountain,Dirt Farmer,Levon Helm,[],https://open.spotify.com/track/1S149ffv00Z6OBvEDZuhK0
314,One Paper Kid,Quarter Moon in a Ten Cent Town (Expanded & Remastered),Emmylou Harris,[],https://open.spotify.com/track/4mMRNTG0Uek4LYfm718O1P
315,Further On Up The Road,American V: A Hundred Highways,Johnny Cash,[],https://open.spotify.com/track/7wnWqdOIM00a2OGkV22KVf
316,(We'll Go) Out of Town,The Silos (Bonus Track Version),The Silos,[],https://open.spotify.com/track/2RJ3gopPowu4IW20sg6mZW
317,Alabama Pines,Here We Rest,Jason Isbell and the 400 Unit,[],https://open.spotify.com/track/4mBYupeEa1e5Ep2HU7xToZ
318,Long White Line,Metamodern Sounds in Country Music,Strugill Simpson,[],https://open.spotify.com/track/40Xg69oisdpuP4C7xl3RkK
319,Give Back the Key to My Heart,Anodyne,Uncle Tupelo,[],https://open.spotify.com/track/5VrWOhxhekGfDiPTUw7tz3
320,Pretend I Never Happened,Phases And Stages,Willie Nelson,[],https://open.spotify.com/track/106Qw7R1gG8JAIG3H7yNwt
321,Car Wheels on a Gravel Road,Car Wheels On A Gravel Road,Lucinda Williams,[],https://open.spotify.com/track/5rUqENE7bmNffBbZDhVBty
322,Born on a Train,Old 97's & Waylon Jennings,Old 97's,[],https://open.spotify.com/track/2CfJzPhImy5rzXtfKGYOcW
323,The Dark Don't Hide IT,What Comes After The Blues,Magnolia Electric Co.,,https://open.spotify.com/track/4FnOromo9r7kx6o6uMPl30
324,Pinball Song,Everything You Thought Was Right Was Wrong Today,Slobberbone,[],https://open.spotify.com/track/7CHu6LTxpP2sGqp8RpLR21
325,Angels Are Falling,Angels Are Falling,Patty Griffin,[],https://open.spotify.com/track/4lpBMBRtaq5WyELPXhPv7w
326,TV Dinners,Knockin',MJ Lenderman,[],https://open.spotify.com/track/3ZgJMaTxItuZwHbePsyRUu
327,Houston,The Lights from the Chemical Plant,Robert Ellis,[],https://open.spotify.com/track/2WBm4WmZprtDmXVPWJ85Rl
328,Outfit,Decoration Day,Drive-By Truckers,[],https://open.spotify.com/track/2nes7xBxT8C2ol7lthypyF
329,Chase the Wind,After Awhile,Jimmie Dale Gilmore,[],https://open.spotify.com/track/0s5HrlF58V1pJyByVZcTiz
330,Nothin',Delta Momma Blues,Townes Van Zandt,[],https://open.spotify.com/track/2QkwjhbVeaufp4XUXT2KGS
331,Excuse Me While I Break My Own Heart Tonight,Strangers Almanac,Whiskeytown,[],https://open.spotify.com/track/5KCzU5ujrY4hZZlImNu8Oq
332,Another Lonesome Morning,Cimarron,Emmylou Harris,[],https://open.spotify.com/track/1cDivlJb7tkgm0RBmOBtoH
333,Hello In There,John Prine,John Prine,[],https://open.spotify.com/track/7IijX5DkLaf3G4qF6xDLYa
334,Pan Bowl,Metamodern Sounds in Country Music,Sturgill SImpson,[],https://open.spotify.com/track/67Nplzu0xrOz1BD56gx8ho
335,With Tomorrow,White Light,Gene Clark,[],https://open.spotify.com/track/2aqJD8HkfHyLloEKRVDFHi
336,I'll be Here in the Morning,Townes Van Zandt,Townes Van Zandt,[],https://open.spotify.com/track/0HLBLRkkTOlAmjonShicD0
337,Gentle On My Mind,Earthwords & Music,John Hartford,[],https://open.spotify.com/track/6ppsYmPvK5Wp1QBdJyTc7s
338,She,GP,Gram Parsons,[],https://open.spotify.com/track/7DK9shWJm361lm1ks32axt
339,Just Be Simple,Magnolia Electric Co. (Deluxe Edition),Songs: Ohia,[],https://open.spotify.com/track/2Bv0qamiKGfDBtXCutmXJf
340,I Never Cared For You,Teatro,Willie Nelson,[],https://open.spotify.com/track/4c8uCy3cc92cbGTmVD9oS7
341,Poison Lovers,El Corazon,Steve Earle,[],https://open.spotify.com/track/6Xec55Iwoysk3gHrMuZSCq
342,Me and Willie,Luxury Liner (Expanded & Remastered),Emmylou Harris,[],https://open.spotify.com/track/5uT1qaVqt8Zl2EsxXBUsdp
343,Can't You See,The Marshall Tucker Band,The Marshall Tucker Band,[],https://open.spotify.com/track/4fUU9WKxEgJXyrZJsUA2iP
344,Cantina Carlotta,Juarez,Terry Allen,[],https://open.spotify.com/track/5dQPJUQP8JzXfHYJNqR0uh
345,One Rung,Barrel Chested,Slobberbone,[],https://open.spotify.com/track/7atGPDMR7BnMduKt3GbRVO
346,To Live Is To Fly,"High, Low and In Between",Townes Van Zandt,[],https://open.spotify.com/track/31kaoIv1FU5Ddcv1hJJk2d
347,Sharp Cutting Wings (Song to a Poet),Happy Woman Blues,Lucinda Williams,[],https://open.spotify.com/track/2LB6y0dLE2frjaNknfsDWg
348,Timebomb,Too Far to Care,Old 97's,[],https://open.spotify.com/track/2S6yBUXa5KddBV0CqBkcP1
349,Lonely Feeling,Gringo Honeymoon,Robert Earl Keen,[],https://open.spotify.com/track/6ISngj7h6oXa9516w1ZQZa
350,Catch and Release,Highway Prayers,Billy Strings,[],https://open.spotify.com/track/6CNSTLAbObYVlH5s5TbNFn
351,Goddamn Lonely Love,The Dirty South,Drive-By Truckers,[],https://open.spotify.com/track/5KpRmp0VwGU8GzGSOwgvhX
352,When Will I Be Loved,Heart Like a Wheel,Linda Ronstadt,[],https://open.spotify.com/track/5jPPjNMIi1rD6BvQqxhJh5
353,A Song For You,Shotgun Willie,Willie Nelson,[],https://open.spotify.com/track/20T1K4gvaX8c7FbA7ljoau
354,Poncho & Lefty,The Late Great Townes Van Zandt,Townes Van Zandt,[],https://open.spotify.com/track/6QXtKi4TVe1458QNodE3cs
355,Look at Miss Ohio,Soul Journey,Gillian Welch,[],https://open.spotify.com/track/6QXtKi4TVe1458QNodE3cs
356,Mohammed's Radio,Living in the USA,Linda Ronstadt,[],https://open.spotify.com/track/0O9ebGogZFJ1Dr4TDjroQH
357,Wrecking Ball,Soul Journey,Gillian Welch,[],https://open.spotify.com/track/4QuSTcFDbHPrDFzxFxeF5s
358,Amie,Bustin' Out,Pure Prairie League,[],https://open.spotify.com/track/1mqydO6xMtyTPa8yo1SdVr
359,Women Without Whiskey,Southern Rock Opera,Drive-By Truckers,[],https://open.spotify.com/track/6UuqvuIlWdcNyCrnnD6n5k
360,Please Let Me Go Round Again,Sorry You Couldn't Make It,John Prine,[],https://open.spotify.com/track/1yGxcVyC3VflyxJkDlhSZi
361,The Wolfman of Del Rio,Lubbock (on everything),Terry Allen,[],https://open.spotify.com/track/332dQ0VnnxYsJ4OQl59AE2
362,Whiskey Bottle,No Depression,Uncle Tupelo,[],https://open.spotify.com/track/1X1YOCOXmxNvkii35qbzMQ
363,Boulder to Birmingham,Pieces of the Sky (Expanded),Emmylou Harris,[],https://open.spotify.com/track/0dGooD08g4Qw2XluYtt20k